"V2","val"
"3019900",1
"3092400",3
"1026100",2
"4037700",1
"2007900",3
"3038700",2
"2012901",2
"1008300",1
"1009300",2
"3028900",2
"3090800",3
"3050801",2
"3091200",3
"2002702",2
"3119400",2
"3091000",3
"4040700",2
"2019300",2
"3025300",2
"3036900",2
"3030700",2
"2039500",2
"2021301",1
"4044601",3
"1014801",1
"4003300",1
"3054200",1
"1029300",3
"2023702",1
"4029100",1
"2041300",2
"1011300",3
"2042100",2
"2037100",2
"3051300",2
"2015900",2
"1020000",1
"4080900",1
"1013200",1
"3039700",2
"2024100",2
"1012000",1
"2009000",2
"1023000",3
"5013301",2
"1016200",2
"2002300",2
"2004200",2
"3039200",1
"4023500",2
"2028900",1
"2021302",2
"2004300",3
"3113400",2
"1004700",1
"3030100",2
"1018200",3
"3062600",1
"1004000",1
"1011500",3
"1018000",3
"1002800",2
"5000300",1
"1007200",1
"2005002",2
"1007700",1
"3021900",1
"2030000",1
"3053800",2
"2024502",2
"4122702",2
"1013600",1
"3054800",1
"2005400",2
"2040100",3
"4013200",1
"1018300",2
"4098700",1
"1015002",1
"1022200",3
"3115600",3
"3090600",3
"3035000",1
"1003800",2
"1002000",2
"3048800",1
"1006600",2
"1021800",3
"1003001",1
"4062900",1
"2026702",2
"2023501",2
"2008500",2
"1024100",2
"3114201",1
"3034800",2
"1016900",1
"1019400",2
"2014100",2
"3013800",1
"1018100",1
"4010000",1
"2009300",3
"3023100",1
"1009600",1
"3090200",2
"4097204",2
"2002500",3
"1014200",1
"3079000",2
"2014701",2
"2035800",1
"2020100",2
"1026500",2
"5013203",1
"1022301",2
"1002201",2
"1010200",1
"1021000",2
"3025100",2
"2025100",2
"1003601",2
"2013500",2
"2023800",1
"3112400",2
"2002000",3
"4054000",1
"1019300",2
"3026100",2
"1013800",1
"3036400",1
"4077908",1
"2005100",3
"1000800",2
"1020800",2
"1015300",1
"1015601",1
"3120200",1
"3088600",2
"2007600",2
"1001600",2
"3121000",3
"4058100",1
"1003200",2
"1023501",2
"1028700",2
"2048400",1
"3035900",2
"5004000",3
"1023700",2
"2033000",2
"1011900",2
"3007600",2
"2033202",1
"4093401",1
"4025800",1
"4100801",1
"1019600",3
"1004100",2
"2041100",1
"1007900",1
"4087100",3
"5000700",2
"4095400",2
"4052100",1
"1029500",2
"3113200",1
"1022400",3
"1021600",2
"3035100",3
"5017009",1
"2004400",2
"1016001",1
"2046202",2
"4047800",1
"1017900",1
"2015100",2
"1006900",1
"2051600",1
"2021501",2
"3110400",3
"4027200",1
"1026900",3
"3014100",1
"3052300",2
"1022700",2
"4023600",1
"4040300",2
"2008700",3
"3024700",3
"2005001",2
"3091600",3
"4029400",2
"4037900",2
"4028900",1
"3012700",2
"3026900",2
"4012200",1
"4044602",2
"5024402",1
"2006100",1
"3013400",1
"3025000",1
"1016800",2
"1020901",2
"4037500",1
"2021001",1
"1021900",3
"5022300",1
"2016100",2
"4024600",1
"2029700",1
"4028400",1
"3117601",1
"4042600",1
"1005900",1
"1012800",1
"4040500",2
"1023300",2
"2036100",2
"2003900",3
"4088901",2
"2007300",2
"4086900",2
"5002900",3
"3082800",1
"3085600",1
"3111600",1
"3118000",1
"1002900",2
"4005400",1
"2015300",2
"3001300",1
"3028501",1
"3119600",3
"3117000",1
"1022800",2
"1027100",3
"3029900",2
"1017401",2
"4001900",1
"1021100",2
"3002200",1
"1004200",1
"2019400",1
"2038700",2
"5017600",1
"3013100",1
"2022000",1
"3032600",3
"2011900",3
"3069800",1
"3024900",1
"3018300",1
"2012500",2
"1016400",2
"2003300",2
"2038302",2
"4001400",1
"2017702",2
"5000600",1
"4079900",1
"4028700",2
"3120800",2
"3069602",1
"4109300",1
"3049000",1
"1019701",1
"4056800",1
"3110600",3
"3025902",3
"1007500",1
"1008602",1
"1018900",2
"2022300",3
"3086200",1
"2038000",2
"4103201",3
"4136700",1
"1029100",2
"1017000",2
"1025700",3
"4041300",1
"5002100",2
"2023900",3
"4020400",1
"1021303",2
"4040900",2
"4030903",1
"1016500",1
"3089200",2
"3034900",2
"3017700",1
"4050600",1
"3077600",1
"4038100",2
"3038500",2
"3043700",2
"1022000",2
"3015300",1
"2019500",2
"3092000",2
"1004300",1
"3039900",2
"4032900",1
"2037200",1
"5012100",1
"1006100",1
"3019200",1
"3040500",1
"3060000",1
"2023703",2
"3034200",2
"2023301",2
"3011900",1
"3050600",3
"1000600",2
"3001500",2
"3049300",3
"3024100",1
"1009800",1
"1005700",1
"2036501",2
"1024200",2
"1004800",1
"4068700",1
"2008600",2
"5010500",1
"1019500",1
"3029100",1
"3002901",2
"2012300",2
"4046200",2
"2038301",2
"2009800",1
"4001000",1
"3097000",1
"4026700",2
"4085300",1
"5007400",1
"3041900",2
"1012400",1
"3041700",2
"5011401",1
"4092900",1
"1006500",1
"1015100",2
"1007100",1
"3002100",1
"3005900",1
"4027100",2
"1007800",1
"3037700",2
"1007400",1
"3093000",1
"3026500",2
"4044301",2
"4027300",2
"1007300",2
"1021200",2
"4093800",1
"3027900",1
"4130100",1
"3012000",1
"2025700",1
"3006600",1
"4103202",2
"2019900",2
"4046900",2
"3058200",1
"1025300",2
"3006300",1
"1016600",2
"2025300",2
"2026500",2
"3099800",1
"2040702",2
"3049100",3
"4019000",1
"3079602",2
"4044302",1
"3052000",1
"1022500",2
"2028400",1
"2004100",3
"2041400",1
"4099801",2
"3114400",2
"5017005",1
"3089800",2
"2016600",1
"1017200",3
"1020102",1
"3026000",1
"3050500",2
"1023502",1
"3112600",3
"2029500",1
"3026300",2
"4084900",2
"2039901",2
"1006700",2
"3040100",2
"3055000",1
"4061800",1
"3051400",2
"1018600",3
"3012901",1
"4024000",3
"3007400",2
"2008300",2
"3121400",3
"4019400",1
"3087200",1
"4030600",1
"1001800",2
"3088800",1
"5024700",1
"2034000",1
"3030000",1
"3018100",1
"1004500",1
"4058200",1
"4040100",2
"3003300",1
"1011800",1
"4097202",2
"3008000",1
"2040900",1
"1017100",1
"3014500",1
"4011400",1
"3035200",1
"3038300",2
"3052700",2
"4036600",1
"2007500",2
"4046300",1
"1002500",2
"2017500",3
"4020800",1
"4008700",2
"1027700",3
"3035700",3
"5018701",1
"1012100",2
"2006400",1
"3057400",1
"3028100",2
"3080000",1
"3062200",1
"2017901",2
"3018501",2
"3009000",1
"1003400",1
"3077400",1
"2006200",2
"4012400",1
"3034300",2
"3051100",2
"1001501",1
"3041500",2
"4028500",1
"4101001",2
"3019100",1
"3096800",1
"3081600",1
"1024302",3
"3035300",2
"3048900",3
"3025500",3
"4026500",1
"3010000",2
"3001100",1
"3006700",1
"2032800",2
"4016800",1
"3070201",1
"3011400",1
"2023200",1
"4081400",1
"4085700",1
"4001200",1
"1021703",1
"4094500",1
"3028800",1
"3116800",1
"2046201",2
"3003900",1
"1023400",2
"4045900",1
"4023800",1
"3022700",2
"3054500",2
"4063200",1
"4049200",1
"2038100",2
"3032100",2
"3043500",2
"2020400",1
"3102400",1
"4094202",2
"3111000",2
"3008500",3
"3008400",1
"4026901",2
"2017902",2
"2037900",2
"3059600",1
"4061602",1
"3079801",1
"3032900",2
"2004800",2
"3060600",1
"2018900",2
"1008601",1
"3050900",1
"3027700",3
"4027500",2
"3115200",2
"3030500",2
"4010800",1
"4046500",1
"2003500",2
"4018300",1
"4038400",1
"3087800",1
"2025500",2
"3008800",1
"1017300",1
"3001800",1
"3021400",1
"1028300",2
"2006300",2
"2040600",1
"4010300",1
"5021300",2
"1015700",1
"1019100",1
"3029700",2
"1019800",1
"3098800",1
"3027800",1
"3002000",1
"3028700",2
"3010400",1
"3027100",3
"4096400",2
"3028502",2
"1014401",1
"4050800",1
"4025301",1
"3087000",1
"3028400",1
"3083800",1
"3010600",1
"2018102",3
"4033000",1
"1018400",3
"1028500",2
"3022000",1
"4028300",2
"2018301",2
"1025900",2
"3016600",1
"4019800",1
"2026300",2
"3068000",1
"5007500",1
"3038900",2
"4006900",1
"1022600",1
"4084602",1
"1008603",1
"2042500",2
"5011202",2
"4075701",1
"3023800",1
"4094201",1
"2015500",2
"3116600",1
"3000502",1
"2011502",2
"4056100",1
"5013204",1
"2039000",1
"3027500",1
"2022101",2
"3055200",2
"3015500",1
"1014900",1
"1022900",3
"2041900",2
"2013100",2
"4076901",1
"4162100",1
"4097203",3
"2015700",2
"4004002",1
"4015802",1
"3083000",2
"2016700",1
"5020700",3
"1006300",1
"1001002",2
"1007000",1
"4025100",1
"4019900",1
"2013300",2
"2043100",2
"3011200",2
"4101700",1
"2039902",2
"1018800",2
"3020800",1
"2043600",1
"5007700",1
"2014500",2
"3020300",1
"1002100",1
"4138502",1
"4137700",1
"1000900",1
"2020200",1
"4063700",1
"5015602",1
"1019900",1
"4000800",1
"3042800",1
"3022800",1
"4000700",1
"2037300",2
"2040304",2
"2022500",3
"4044800",1
"2039100",2
"1019702",1
"2042300",1
"2006700",3
"3073600",1
"3116200",1
"3018200",1
"1008800",1
"4065400",1
"3044900",2
"2042901",1
"3050700",2
"2029600",1
"1010100",3
"4084500",2
"3066600",1
"2040302",2
"3029300",2
"3034500",1
"3067000",1
"1005200",1
"2014400",2
"3021300",1
"3078600",2
"3080800",1
"5009700",1
"4021400",1
"4025302",1
"1003300",1
"3113000",2
"3094401",1
"3043300",2
"2006500",2
"3152200",1
"5018702",1
"5012200",1
"5029104",1
"3022900",1
"3024500",1
"2005902",1
"4014900",1
"2040701",1
"4062000",1
"3036700",1
"4016600",1
"1007600",1
"2037400",2
"4063900",1
"3055700",1
"3049600",1
"4070300",1
"2021502",2
"3043000",1
"4028800",2
"1003100",1
"4015900",1
"4099200",2
"3089000",2
"4044000",1
"3024000",1
"3082000",2
"1027900",2
"3118400",1
"4027800",1
"3086600",1
"5031902",2
"3112200",1
"2036800",1
"1001001",1
"4103900",1
"2004600",1
"1015900",1
"4062500",1
"3056100",1
"2046000",1
"1015200",2
"2042902",2
"1009500",1
"4014202",1
"4021200",2
"1013300",1
"4064102",1
"4009800",1
"3059402",1
"3050803",2
"3009800",2
"3051601",2
"3115800",2
"4041400",2
"4099802",2
"3041300",2
"3051200",2
"3079400",1
"4014700",1
"3051602",2
"4015500",1
"4071701",1
"3010800",1
"1009100",1
"2022901",2
"5011402",1
"4073700",1
"3021700",2
"4047500",1
"3050202",1
"4046000",2
"3042900",2
"4046100",1
"4042700",1
"1005501",1
"2040303",2
"4046700",1
"2001600",2
"4000600",1
"1023100",2
"2033800",1
"5019700",1
"3000200",1
"4085900",1
"2027300",2
"3043100",2
"3035400",1
"3002300",2
"3094402",2
"1008200",1
"4048000",1
"2038900",2
"4092500",1
"4045400",1
"5006400",1
"4074700",1
"5027302",1
"4041100",1
"4058300",1
"3119200",2
"2018500",2
"4018000",1
"3101000",1
"3005300",1
"3049800",1
"3003700",1
"2009600",1
"4048500",1
"1002400",2
"3094600",1
"4054900",1
"5001700",1
"3033000",2
"4018101",1
"3074200",1
"3042500",1
"2006900",2
"1010900",2
"2036502",1
"3119800",2
"2033600",3
"2032600",1
"3003500",1
"3092800",1
"1017402",1
"2022403",2
"2035000",1
"4100802",2
"4018102",1
"3039500",2
"3095000",1
"3051700",1
"4047000",1
"3008600",1
"4047200",1
"1014700",1
"4037600",1
"2014702",2
"4015600",1
"1016300",1
"1024500",2
"2023704",2
"1009900",1
"5001100",2
"3020100",1
"4065600",1
"3049200",1
"3035500",2
"5003300",1
"3007800",2
"4050000",1
"3013900",1
"1018500",1
"3044500",2
"1008700",1
"4089200",1
"3029600",1
"2036000",1
"3088400",2
"4003000",1
"4007300",1
"1021500",1
"4047100",1
"2014900",2
"2038500",2
"1022302",2
"3025901",2
"4000400",2
"4146700",1
"4059500",1
"3019600",1
"3048600",1
"1011201",1
"2007200",2
"2039300",2
"2008900",2
"2020000",1
"4014201",1
"1004900",1
"4051200",1
"1017500",1
"4077907",1
"3051002",2
"1020500",1
"5013302",2
"4073900",1
"4031700",1
"2036300",2
"3051001",2
"3031100",1
"4118900",1
"3048500",1
"3034000",1
"5031901",2
"3004600",1
"3036200",2
"1012500",1
"1023200",3
"1010602",1
"4007100",1
"1011100",1
"3060800",1
"1029900",2
"3044700",1
"2033700",1
"3052900",2
"3041401",1
"4027700",2
"3076800",1
"2024300",2
"1030900",2
"3038100",3
"3043800",1
"4157903",1
"4004200",1
"4035100",1
"3047000",1
"2045800",2
"2042400",1
"2039600",2
"3077000",1
"3028000",1
"4083700",1
"4055900",1
"3037100",2
"4053200",1
"3028300",2
"1012700",1
"3053500",1
"1030300",1
"1012900",1
"3050804",2
"3024300",2
"4104700",1
"1014000",1
"4047300",1
"4011600",1
"4022001",1
"1014802",1
"2036901",1
"4003400",1
"4025500",1
"4008600",1
"4018900",1
"5027702",1
"2022701",2
"2030200",1
"4011200",1
"5030302",1
"2007100",1
"3078200",1
"2043400",2
"3079601",1
"4020600",1
"3022100",1
"4116300",2
"4117500",1
"2001900",1
"4080301",1
"1008000",1
"4058000",1
"4115700",1
"3044100",2
"3004300",1
"2007400",1
"3039300",1
"3007700",1
"4088400",1
"1008100",1
"1014601",1
"3090000",2
"4036500",1
"4043900",1
"3079802",1
"5014100",1
"3038200",2
"4051600",1
"4115500",1
"3030300",2
"2038600",2
"4019600",1
"1017800",1
"1003700",1
"3037300",2
"3097400",1
"4099705",1
"4033700",1
"3023300",2
"4026400",1
"2017300",3
"1009200",1
"2021601",2
"3082200",2
"2040400",1
"4053401",1
"4012301",1
"1020101",1
"1029700",1
"4015700",1
"3036501",1
"4015300",1
"3027600",1
"2005600",1
"3112800",2
"1005600",1
"3036300",2
"3029000",1
"4002500",3
"2018302",1
"2021800",2
"4029700",1
"4048400",1
"4036100",1
"4083800",1
"4025400",3
"3102000",1
"4054700",1
"5012806",2
"3082600",2
"4119100",1
"1010000",1
"3086000",1
"3040300",2
"1000201",1
"3025700",1
"4003100",1
"3019300",1
"4044400",2
"1001402",2
"4037300",1
"3054900",1
"1024000",1
"3047600",1
"1023600",2
"3086800",2
"3037900",3
"3089400",2
"2026701",1
"3019000",1
"1014500",1
"3031400",1
"4099704",1
"3115000",1
"2003700",1
"4086300",1
"4016300",2
"1012600",1
"4085500",2
"5002700",1
"2036400",1
"3003100",1
"3085800",1
"2016200",1
"4041500",1
"1013700",1
"2022800",2
"3024200",1
"2022102",2
"4045800",1
"2021700",2
"2020900",2
"3046800",1
"3049500",1
"3011800",1
"5020801",1
"3048400",1
"3033500",1
"5014608",1
"2044200",1
"4046800",1
"4053000",1
"3088200",2
"3051900",1
"4046600",1
"5018100",1
"2044902",1
"3055100",2
"2022200",1
"5017300",1
"4026000",2
"3007500",1
"4069500",1
"3009600",2
"3023000",1
"1013000",1
"4026100",1
"2026602",1
"3057200",2
"4024900",1
"2028500",1
"3047700",1
"1001502",1
"4028100",1
"4040400",1
"2022404",1
"4116100",1
"1005000",1
"3076400",1
"3123700",2
"4055700",1
"4025900",1
"1011202",1
"5012804",1
"5014700",1
"1001300",3
"3006800",1
"1019000",1
"2034500",1
"1022102",1
"3013700",1
"2039200",1
"2011700",1
"4004300",2
"3037500",2
"3118202",1
"3112000",2
"5000900",1
"3042100",2
"4117100",1
"3035602",2
"2012101",2
"3100600",1
"4055200",1
"2021900",1
"2042800",1
"4074100",1
"3016300",1
"3059200",1
"4008500",1
"4011000",1
"3122000",1
"3010100",1
"4028200",1
"3011000",1
"3010200",1
"3043900",2
"1016700",1
"3098200",2
"4013400",1
"3013000",1
"3000100",1
"4086500",2
"4036300",1
"3032700",1
"3117800",1
"1025100",2
"2028300",1
"3053000",1
"3027300",2
"1015400",2
"2009200",1
"4056500",1
"3034700",2
"4030902",1
"4015801",1
"4050201",1
"1015500",1
"3087401",1
"4009700",1
"3020500",1
"3052600",1
"1005400",1
"2014300",1
"4120100",1
"4002600",1
"4012800",1
"3032300",1
"4045200",1
"4120500",1
"3030900",1
"1004400",1
"5008100",2
"2042200",1
"5017010",1
"3111800",1
"5013400",1
"2016500",1
"4039800",1
"2039700",1
"2037800",1
"1008900",1
"1002602",2
"3026400",1
"3082400",2
"3022200",1
"2028800",1
"4010701",1
"3093400",1
"4027900",1
"2002800",1
"3014300",1
"3024800",1
"2024000",2
"3003600",1
"1002700",1
"4018600",1
"3017900",1
"4008100",1
"2018101",2
"4145900",1
"2026900",1
"3026700",1
"4079702",1
"2007700",1
"4005500",1
"1008400",1
"3021800",1
"3044600",1
"2033201",1
"1013100",1
"3006200",1
"3057800",1
"3042000",1
"4071306",1
"1015802",1
"2012701",2
"4010600",1
"1020701",1
"2006000",1
"2045600",1
"3058600",1
"4018401",1
"4059300",1
"2022702",1
"4069000",1
"2003800",1
"3093600",1
"3099000",1
"4059100",1
"3057100",1
"3057900",1
"4118500",1
"3077200",1
"3036002",2
"4015400",1
"3031500",2
"4012500",1
"4013000",1
"3078400",1
"2024501",2
"5023100",1
"3039000",1
"3032800",2
"4014500",1
"1015602",1
"3016700",1
"4077300",1
"4001800",1
"2022902",2
"4040000",1
"3014200",1
"2007800",2
"4013600",1
"4101002",2
"3072000",1
"3054400",1
"3053200",1
"3041100",2
"2032400",1
"4053900",1
"5003600",1
"4061301",1
"4115100",1
"3053300",2
"3011700",1
"2023502",2
"3080200",1
"4062200",1
"3008200",1
"1014402",1
"3021200",1
"5022600",1
"3043200",1
"4005700",1
"1013400",1
"3056900",1
"3092200",1
"1005502",1
"4094203",1
"4052400",1
"4033900",1
"1013500",2
"1000202",2
"3088000",1
"3045300",1
"2023600",1
"3023400",1
"1026300",2
"3052500",2
"1023900",1
"4112300",1
"3032500",2
"4058500",1
"1011203",1
"4026300",1
"4009600",1
"2012102",1
"2022401",1
"3055300",1
"3118201",1
"3051800",1
"2039800",1
"2038800",1
"3072600",1
"3089600",2
"4024500",1
"3046202",1
"3054600",1
"4017900",1
"3026800",1
"4021600",1
"4039900",1
"3022600",1
"1014602",1
"4012602",1
"4077903",1
"4141700",1
"3074000",1
"5007000",1
"1001200",1
"4086400",1
"3056500",1
"4003200",1
"4018402",1
"3042700",2
"3048200",2
"4072300",1
"3058900",1
"4066400",2
"1021400",2
"2006800",1
"1002202",1
"3017800",1
"3105804",2
"1015001",1
"3050100",1
"4098100",1
"3005000",1
"3101200",1
"1017700",2
"3000501",1
"4014000",1
"2034800",2
"5009601",1
"3036100",1
"3078800",1
"3033300",1
"4125700",1
"3073800",1
"3016000",1
"4005100",1
"5029102",1
"3076600",1
"5017012",1
"5000800",1
"3037402",2
"4020500",1
"1026700",1
"3064200",1
"3056400",1
"1010400",1
"3006900",1
"4002000",1
"4004700",2
"3117202",1
"4047900",1
"4033401",1
"3091800",2
"3015700",1
"3031900",1
"4032000",1
"3030600",1
"4043400",1
"4029500",1
"1031100",1
"2040502",2
"1000700",1
"3040900",2
"2027700",2
"4069300",1
"3004100",1
"4057700",1
"3021100",1
"3058000",1
"4033402",2
"4006300",1
"4094700",1
"4027400",1
"3013200",1
"1031900",1
"1011402",1
"2038200",1
"3025600",1
"3047800",1
"3007100",2
"4003900",1
"3052800",1
"4077500",1
"3045400",1
"4009400",1
"1024700",2
"1016002",1
"2020601",1
"3076200",1
"3021500",1
"4035800",1
"3000900",1
"4062600",1
"4017000",1
"3116400",1
"3011600",1
"4056700",1
"3047200",1
"3118800",1
"4045500",2
"4036700",1
"4005000",1
"1006400",1
"4052200",1
"4012000",1
"5024800",1
"3015100",1
"3079200",2
"3109800",1
"3116000",1
"4053100",1
"1003002",1
"3084800",1
"4004401",1
"1018700",1
"3061003",1
"3005800",1
"3074600",1
"3034100",1
"4002400",1
"5011201",1
"4002800",1
"4001600",1
"3044300",2
"4077904",1
"4027000",1
"1019200",2
"3059000",1
"2000200",1
"1011700",1
"4002200",1
"4013700",1
"2023000",1
"2044901",1
"3072400",1
"3103400",2
"4039400",1
"5030301",1
"3050300",1
"3006000",1
"5005900",1
"1020600",1
"1012200",1
"2032300",1
"3150200",1
"2021602",1
"3031300",1
"1006200",1
"4140901",1
"4075702",1
"4079200",1
"3023200",1
"3023500",1
"5014606",1
"4055300",1
"4048100",1
"4069701",1
"5009602",1
"4011500",1
"4005200",1
"4071900",1
"1025500",1
"2035600",1
"3067200",1
"3012902",1
"4006202",1
"3067800",1
"1002601",2
"3005400",1
"3114202",1
"4000200",1
"3061200",1
"4055100",1
"4014300",1
"3081800",1
"3029800",1
"3030400",1
"1016100",1
"4017100",1
"3061002",1
"2039400",1
"4086100",1
"3009200",2
"3042400",1
"4053800",1
"4043702",1
"3042200",1
"2007000",1
"4058900",1
"2030701",1
"4061400",1
"2031800",1
"4068300",1
"2016900",1
"3061004",2
"3029500",1
"3084000",1
"5006700",1
"4093900",1
"4010500",1
"3098600",1
"3039400",1
"3007000",1
"4157101",1
"2042000",2
"2005200",1
"3045600",1
"4133900",1
"1010800",1
"3054700",2
"5013800",1
"4011800",1
"4059400",1
"3063800",1
"3030800",1
"3093800",1
"3016100",1
"4035300",1
"3025400",1
"2026400",1
"3058400",1
"3117201",1
"3056600",1
"4066300",1
"3053900",1
"3006400",1
"3015200",1
"2002701",3
"4060600",1
"3055500",1
"3086400",1
"3006500",1
"4048300",1
"3102200",1
"3019500",1
"1009700",2
"2015200",1
"4005900",1
"5023900",1
"2037600",1
"3080400",1
"2020501",2
"4008800",1
"3025800",1
"2002400",1
"3019700",1
"4071304",1
"2037504",2
"3012200",1
"2023100",1
"4052800",1
"4059800",1
"3067600",1
"3075000",1
"3119000",1
"4034700",1
"5025100",1
"2027900",1
"4077902",1
"2042600",1
"3033900",1
"4093402",1
"4015200",1
"3101600",1
"3017400",1
"4004001",1
"2026601",1
"4051300",1
"4076902",1
"2035900",1
"1013900",1
"4066000",1
"4005300",1
"1003602",1
"4064500",1
"4003800",1
"3016200",1
"3004400",1
"4119500",1
"3020000",1
"3117400",1
"3087600",1
"4069400",1
"1011401",1
"3042600",1
"4126500",1
"3075800",1
"3057500",1
"4010400",1
"1009000",1
"2000400",1
"4092800",1
"4074300",1
"4010200",1
"4048900",1
"3102800",1
"4017400",1
"2017100",1
"4018800",1
"4015000",1
"5024401",1
"5027301",1
"4050500",1
"1001401",1
"3041200",1
"3102600",1
"3036600",1
"4113900",1
"4109900",1
"4026600",1
"4071100",1
"4024300",1
"3047400",1
"4049302",1
"4014400",1
"3031701",2
"4016400",1
"4015100",1
"4018501",1
"3062800",1
"4005800",1
"4006100",1
"3080600",1
"3025200",1
"2013800",1
"4109700",1
"4152901",1
"2017701",2
"4017600",1
"5027706",1
"5015601",1
"3014800",1
"2018400",1
"4072900",1
"4147100",1
"3042300",1
"4026902",1
"5029103",1
"4134700",1
"4062700",1
"2037000",1
"4144700",1
"4102900",1
"3072200",1
"2040800",1
"2025200",1
"4054500",1
"3039800",1
"3015900",1
"5017007",1
"2019700",2
"5017700",1
"4060800",1
"3030200",1
"3039100",1
"4122701",2
"3048100",1
"2027401",1
"3044400",1
"1024301",2
"4071303",1
"3040200",1
"3053100",2
"4150702",1
"3013300",1
"3049900",1
"3105801",2
"2003100",1
"4018200",1
"4070900",1
"3062000",1
"4013800",1
"4099100",1
"2023302",1
"2036700",1
"5020100",1
"4063500",1
"5005000",1
"3095600",1
"4011300",1
"4114700",1
"4080302",1
"4133300",1
"3031702",1
"4068000",1
"3037000",1
"3084600",1
"4011700",1
"3018000",1
"3024400",1
"3029200",1
"4006501",1
"3095800",1
"2041500",2
"4097300",1
"3036502",1
"4129104",1
"4120700",1
"5015100",1
"2020502",1
"3009400",1
"4105900",1
"3026600",1
"2044400",1
"2021100",2
"3051500",1
"4009900",1
"3044000",1
"4071702",1
"4048200",1
"3040000",1
"4065703",1
"3019400",1
"3057300",1
"1011000",1
"2013200",1
"3081000",1
"2028700",1
"3093200",1
"4113300",1
"4081800",1
"3041600",1
"3013600",1
"3044800",1
"4058700",1
"4052500",1
"1015801",1
"4063000",1
"4022900",1
"3083600",1
"4045600",1
"4120300",1
"3007200",1
"3057000",1
"3055400",1
"4147900",1
"4079000",1
"4010100",1
"3027200",1
"3038600",1
"4051000",1
"3114600",1
"3120000",1
"4056000",1
"4032700",1
"4140902",1
"2035100",1
"3012600",1
"4055500",1
"3083200",1
"3056000",1
"2034200",1
"4074500",1
"4024700",1
"3017600",1
"4042400",1
"3043600",1
"4000100",1
"3056300",1
"4035700",1
"1006800",1
"4017800",1
"2044800",1
"4112900",1
"2025400",1
"5018901",1
"5002001",1
"5002002",1
"4061900",1
"4099701",1
"4007500",1
"3096600",1
"4022002",1
"4079701",2
"3069200",1
"3018700",1
"3043400",1
"4011100",1
"5004700",1
"3049700",1
"4107201",1
"4053500",1
"4134100",1
"3107800",1
"1011600",1
"4014100",1
"2036902",1
"4129103",1
"3018800",1
"3022400",1
"3028200",1
"4059600",1
"4053601",1
"3049400",1
"3057600",1
"2021200",1
"3096200",1
"4108500",1
"4007900",1
"3016500",1
"4017200",1
"3020700",1
"3073400",1
"3045000",1
"3073000",1
"2016300",1
"4032800",1
"3053400",1
"3021000",1
"4116700",1
"4074900",1
"4026200",1
"2024400",1
"4011900",1
"2045101",1
"4077906",1
"4062100",1
"3059300",1
"3015000",1
"1005800",1
"3033700",1
"2031000",1
"4126700",1
"4052600",1
"4049600",1
"1031703",1
"3012100",1
"4115900",1
"3036001",2
"4028000",1
"2045102",1
"5019800",1
"4145101",1
"3055600",1
"4064600",1
"4038301",1
"3048000",1
"1027500",1
"4059000",1
"4035200",1
"4006502",1
"3059800",1
"4091900",1
"3055800",1
"4072100",1
"4063800",1
"2030900",1
"2025600",1
"3028600",2
"3081400",1
"2028100",1
"4059200",1
"2026100",1
"4157901",1
"4129102",1
"3069601",1
"3016900",1
"3117602",1
"2025000",1
"3095400",1
"3015400",1
"2031400",1
"2016400",1
"3085000",1
"3050400",1
"2033500",1
"3075400",1
"3014700",1
"4084000",1
"4055800",1
"2034300",1
"3070000",1
"4054800",1
"2033400",1
"3101800",1
"3005201",1
"4054200",1
"3003400",1
"1003900",1
"4062300",1
"5027900",1
"5014605",1
"4061000",1
"3068200",1
"4060300",1
"3013500",1
"3014900",1
"3068800",1
"4146300",1
"4119300",1
"3000301",1
"4029300",1
"4065000",1
"4067900",1
"3045200",1
"3096400",1
"4070700",1
"5032300",1
"4052000",1
"3064800",1
"3100800",1
"3101400",1
"2015800",1
"3078000",1
"3059401",2
"3005100",1
"3054300",1
"3065000",1
"4091601",1
"4027600",1
"4018502",1
"4025700",1
"2041800",1
"5020803",1
"4142900",1
"5014607",1
"4009500",1
"4021900",1
"4016900",1
"4138501",1
"4055400",1
"4071305",1
"5014604",1
"4119900",1
"3068600",1
"3107000",1
"3000700",1
"1024900",1
"4150701",1
"4092200",1
"1027300",1
"3029400",1
"3056800",1
"4155102",1
"3033100",1
"3085200",1
"4103300",1
"5017008",1
"3004500",1
"4047600",1
"4152902",1
"3005602",1
"4049500",1
"4099703",1
"5017011",1
"3037401",1
"4003600",1
"4077905",1
"4069702",1
"4145102",1
"4127700",1
"4056600",1
"4121500",1
"5027705",1
"4051700",1
"4078800",1
"4046400",1
"3099600",1
"4049900",1
"4023000",1
"4140300",1
"3004900",1
"4139900",1
"3041800",1
"3044200",1
"3041402",1
"3075200",1
"3067400",1
"4009100",1
"3098400",1
"3026200",1
"2040501",2
"4066701",1
"3056200",1
"3073200",1
"4061200",1
"4068200",1
"3074800",1
"3045800",1
"2022703",1
"2011800",1
"3063200",1
"3085400",1
"4037100",1
"4018700",1
"3066000",1
"5016901",1
"3023600",1
"4050400",1
"3100400",1
"4060000",1
"3065200",1
"4008300",1
"4051500",1
"3046400",1
"4144100",1
"1028100",1
"4007700",1
"3065800",1
"4064101",1
"4050202",1
"3020200",1
"5015400",1
"4118700",1
"2034400",1
"4124100",1
"3017200",1
"4036800",1
"4055600",1
"4012100",1
"3099400",1
"4065702",1
"2016000",1
"4061601",1
"4043701",1
"4118100",1
"4040200",1
"3039600",1
"4124700",1
"4111300",1
"5013201",1
"4090700",1
"3019800",1
"3099200",1
"4065501",1
"4066501",1
"4114100",1
"4063301",1
"4148300",1
"5003900",1
"4019200",1
"4004500",1
"4043200",1
"4051800",1
"3046000",1
"4030904",1
"2031600",1
"4045000",1
"5018902",1
"3064600",1
"3065400",1
"4143500",1
"3118600",1
"4122300",1
"3083400",1
"3021600",1
"1010300",1
"5027704",1
"5012805",1
"3075600",1
"3040400",1
"4014800",1
"3076000",1
"3066200",1
"4067700",1
"4013500",1
"3061600",1
"2024800",1
"4067100",1
"4016100",1
"5020804",1
"4084601",1
"3020400",1
"4045700",1
"5012500",1
"2008400",1
"3033600",1
"4121100",1
"3070600",1
"3027400",1
"4023200",1
"4156700",1
"2028600",1
"3059100",1
"3018400",1
"3072800",1
"5015603",1
"4020200",1
"4073100",1
"3096000",1
"3040700",1
"3003000",1
"3040800",1
"1010601",1
"4157102",1
"3053700",1
"3014000",1
"4003700",1
"3058800",1
"4161700",1
"4063302",1
"4012601",1
"4006201",1
"1030700",1
"3074400",1
"4056400",1
"3064000",1
"3041000",1
"3040600",1
"4060701",1
"3005601",1
"2031200",1
"3063600",1
"3064400",1
"2030100",1
"2029301",1
"3038800",1
"4065900",1
"4060100",1
"4157902",1
"2043000",1
"3024600",1
"4057900",1
"2027402",1
"3018600",1
"3017100",1
"3004700",1
"3020600",1
"3012801",1
"4049700",1
"4033100",1
"4056200",1
"3027000",1
"3016800",1
"4066900",1
"4051100",1
"3065600",1
"2004001",1
"4049301",1
"3069000",1
"4029900",1
"4062400",1
"1020300",1
"2029302",1
"3046201",1
"3005202",1
"2021002",2
"2024700",1
"2024600",1
"2005300",2
"3050000",1
"1031704",1
"1023802",1
"3035601",1
"2024900",1
"4066100",1
"1006000",1
"2013000",1
"4050700",1
"4059900",1
"2050400",1
"3003800",1
"3017000",1
"4071600",1
