"inc[, 1]","V1"
"14000US36005000200",1
"14000US36005000400",3
"14000US36005001600",1
"14000US36005001900",1
"14000US36005002000",1
"14000US36005002300",1
"14000US36005002500",1
"14000US36005002701",1
"14000US36005002702",1
"14000US36005002800",1
"14000US36005003100",1
"14000US36005003300",1
"14000US36005003500",1
"14000US36005003700",1
"14000US36005003800",1
"14000US36005003900",1
"14000US36005004001",1
"14000US36005004100",1
"14000US36005004200",1
"14000US36005004300",1
"14000US36005004400",1
"14000US36005004600",1
"14000US36005004800",1
"14000US36005005001",1
"14000US36005005002",1
"14000US36005005100",1
"14000US36005005200",1
"14000US36005005300",1
"14000US36005005400",1
"14000US36005005600",1
"14000US36005005902",1
"14000US36005006000",1
"14000US36005006100",3
"14000US36005006200",1
"14000US36005006300",1
"14000US36005006400",1
"14000US36005006500",1
"14000US36005006700",1
"14000US36005006800",1
"14000US36005006900",1
"14000US36005007000",1
"14000US36005007100",1
"14000US36005007200",1
"14000US36005007300",1
"14000US36005007400",1
"14000US36005007500",1
"14000US36005007600",1
"14000US36005007700",1
"14000US36005007800",1
"14000US36005007900",1
"14000US36005008300",1
"14000US36005008400",3
"14000US36005008500",1
"14000US36005008600",1
"14000US36005008700",1
"14000US36005008900",1
"14000US36005009000",1
"14000US36005009200",1
"14000US36005009300",1
"14000US36005009600",1
"14000US36005009800",1
"14000US36005011502",1
"14000US36005011700",1
"14000US36005011800",3
"14000US36005011900",1
"14000US36005012101",1
"14000US36005012102",1
"14000US36005012300",1
"14000US36005012500",1
"14000US36005012701",1
"14000US36005012901",1
"14000US36005013000",3
"14000US36005013100",1
"14000US36005013200",3
"14000US36005013300",1
"14000US36005013500",1
"14000US36005013800",3
"14000US36005014100",1
"14000US36005014300",1
"14000US36005014400",1
"14000US36005014500",1
"14000US36005014701",1
"14000US36005014702",1
"14000US36005014900",1
"14000US36005015100",1
"14000US36005015200",1
"14000US36005015300",1
"14000US36005015500",1
"14000US36005015700",1
"14000US36005015800",1
"14000US36005015900",1
"14000US36005016000",3
"14000US36005016100",1
"14000US36005016200",3
"14000US36005016300",1
"14000US36005016400",3
"14000US36005016500",1
"14000US36005016600",3
"14000US36005016700",1
"14000US36005016900",1
"14000US36005017100",1
"14000US36005017300",1
"14000US36005017500",1
"14000US36005017701",1
"14000US36005017702",1
"14000US36005017901",1
"14000US36005017902",1
"14000US36005018101",1
"14000US36005018102",1
"14000US36005018301",1
"14000US36005018302",1
"14000US36005018400",3
"14000US36005018500",1
"14000US36005018900",1
"14000US36005019300",1
"14000US36005019400",1
"14000US36005019500",1
"14000US36005019700",1
"14000US36005019900",1
"14000US36005020000",1
"14000US36005020100",1
"14000US36005020200",1
"14000US36005020400",1
"14000US36005020501",1
"14000US36005020502",1
"14000US36005020601",1
"14000US36005020900",1
"14000US36005021001",1
"14000US36005021002",1
"14000US36005021100",1
"14000US36005021200",1
"14000US36005021301",1
"14000US36005021302",1
"14000US36005021501",1
"14000US36005021502",1
"14000US36005021601",1
"14000US36005021602",1
"14000US36005021700",1
"14000US36005021800",1
"14000US36005021900",1
"14000US36005022000",1
"14000US36005022101",1
"14000US36005022102",1
"14000US36005022200",1
"14000US36005022300",1
"14000US36005022401",1
"14000US36005022403",1
"14000US36005022404",1
"14000US36005022500",1
"14000US36005022701",1
"14000US36005022702",1
"14000US36005022703",1
"14000US36005022800",1
"14000US36005022901",1
"14000US36005022902",1
"14000US36005023000",1
"14000US36005023100",1
"14000US36005023200",1
"14000US36005023301",1
"14000US36005023302",1
"14000US36005023501",1
"14000US36005023502",1
"14000US36005023600",1
"14000US36005023702",1
"14000US36005023703",1
"14000US36005023704",1
"14000US36005023800",1
"14000US36005023900",1
"14000US36005024000",1
"14000US36005024100",1
"14000US36005024300",1
"14000US36005024400",1
"14000US36005024501",1
"14000US36005024502",1
"14000US36005024600",3
"14000US36005024700",1
"14000US36005024800",3
"14000US36005025000",1
"14000US36005025100",1
"14000US36005025200",1
"14000US36005025300",1
"14000US36005025400",3
"14000US36005025500",1
"14000US36005025600",1
"14000US36005025700",1
"14000US36005026100",3
"14000US36005026300",1
"14000US36005026400",1
"14000US36005026500",1
"14000US36005026601",3
"14000US36005026602",3
"14000US36005026701",1
"14000US36005026702",1
"14000US36005026900",1
"14000US36005027300",1
"14000US36005027401",3
"14000US36005027402",3
"14000US36005027700",1
"14000US36005027900",1
"14000US36005028100",3
"14000US36005028300",1
"14000US36005028400",1
"14000US36005028500",1
"14000US36005028600",3
"14000US36005028700",1
"14000US36005028800",1
"14000US36005028900",1
"14000US36005029301",2
"14000US36005029302",3
"14000US36005029500",3
"14000US36005029600",1
"14000US36005029700",3
"14000US36005030000",1
"14000US36005030100",3
"14000US36005030200",3
"14000US36005030701",2
"14000US36005030900",3
"14000US36005031000",3
"14000US36005031200",3
"14000US36005031400",3
"14000US36005031600",1
"14000US36005031800",1
"14000US36005032300",3
"14000US36005032400",1
"14000US36005032600",1
"14000US36005032800",1
"14000US36005033000",1
"14000US36005033201",3
"14000US36005033202",1
"14000US36005033400",1
"14000US36005033500",3
"14000US36005033600",1
"14000US36005033700",3
"14000US36005033800",1
"14000US36005034000",1
"14000US36005034200",1
"14000US36005034300",3
"14000US36005034400",3
"14000US36005034500",3
"14000US36005034800",1
"14000US36005035000",1
"14000US36005035100",3
"14000US36005035600",1
"14000US36005035800",1
"14000US36005035900",1
"14000US36005036000",1
"14000US36005036100",1
"14000US36005036300",1
"14000US36005036400",1
"14000US36005036501",1
"14000US36005036502",1
"14000US36005036700",1
"14000US36005036800",1
"14000US36005036901",1
"14000US36005036902",1
"14000US36005037000",1
"14000US36005037100",1
"14000US36005037200",1
"14000US36005037300",1
"14000US36005037400",1
"14000US36005037504",1
"14000US36005037600",1
"14000US36005037800",1
"14000US36005037900",1
"14000US36005038000",1
"14000US36005038100",1
"14000US36005038200",1
"14000US36005038301",1
"14000US36005038302",1
"14000US36005038500",1
"14000US36005038600",1
"14000US36005038700",1
"14000US36005038800",1
"14000US36005038900",1
"14000US36005039000",1
"14000US36005039100",1
"14000US36005039200",1
"14000US36005039300",1
"14000US36005039400",1
"14000US36005039500",1
"14000US36005039600",1
"14000US36005039700",1
"14000US36005039800",1
"14000US36005039901",1
"14000US36005039902",1
"14000US36005040100",1
"14000US36005040302",1
"14000US36005040303",1
"14000US36005040304",1
"14000US36005040400",1
"14000US36005040501",1
"14000US36005040502",1
"14000US36005040600",1
"14000US36005040701",1
"14000US36005040702",1
"14000US36005040800",1
"14000US36005040900",1
"14000US36005041100",1
"14000US36005041300",1
"14000US36005041400",1
"14000US36005041500",1
"14000US36005041800",1
"14000US36005041900",1
"14000US36005042000",1
"14000US36005042100",1
"14000US36005042200",1
"14000US36005042300",1
"14000US36005042400",1
"14000US36005042500",1
"14000US36005042600",1
"14000US36005042800",1
"14000US36005042901",1
"14000US36005042902",1
"14000US36005043000",1
"14000US36005043100",1
"14000US36005043400",1
"14000US36005043600",1
"14000US36005044200",1
"14000US36005044400",1
"14000US36005044800",1
"14000US36005044901",3
"14000US36005044902",3
"14000US36005045101",3
"14000US36005045102",3
"14000US36005045600",1
"14000US36005045800",1
"14000US36005046000",1
"14000US36005046201",3
"14000US36005046202",1
"14000US36005048400",1
"14000US36005051600",3
"14000US36047000100",3
"14000US36047000200",1
"14000US36047000301",4
"14000US36047000501",2
"14000US36047000502",2
"14000US36047000700",2
"14000US36047000900",2
"14000US36047001100",3
"14000US36047001300",3
"14000US36047001500",3
"14000US36047001800",1
"14000US36047002000",1
"14000US36047002100",2
"14000US36047002200",1
"14000US36047002300",1
"14000US36047002901",1
"14000US36047003000",3
"14000US36047003100",3
"14000US36047003300",3
"14000US36047003400",3
"14000US36047003500",3
"14000US36047003600",3
"14000US36047003700",3
"14000US36047003800",3
"14000US36047003900",3
"14000US36047004100",3
"14000US36047004300",3
"14000US36047004400",3
"14000US36047004500",2
"14000US36047004600",3
"14000US36047004700",3
"14000US36047004900",3
"14000US36047005000",3
"14000US36047005100",3
"14000US36047005201",3
"14000US36047005202",3
"14000US36047005300",3
"14000US36047005400",3
"14000US36047005601",3
"14000US36047005602",3
"14000US36047005800",3
"14000US36047005900",3
"14000US36047006000",3
"14000US36047006200",3
"14000US36047006300",3
"14000US36047006400",3
"14000US36047006500",3
"14000US36047006600",3
"14000US36047006700",2
"14000US36047006800",1
"14000US36047006900",2
"14000US36047007000",1
"14000US36047007100",1
"14000US36047007200",1
"14000US36047007400",1
"14000US36047007500",3
"14000US36047007600",1
"14000US36047007700",3
"14000US36047007800",1
"14000US36047008000",1
"14000US36047008200",1
"14000US36047008400",1
"14000US36047008500",1
"14000US36047008800",1
"14000US36047009000",1
"14000US36047009200",1
"14000US36047009400",1
"14000US36047009600",1
"14000US36047009800",1
"14000US36047010000",1
"14000US36047010100",1
"14000US36047010200",1
"14000US36047010400",1
"14000US36047010600",1
"14000US36047010800",1
"14000US36047011000",1
"14000US36047011200",1
"14000US36047011400",1
"14000US36047011600",1
"14000US36047011700",3
"14000US36047011800",1
"14000US36047011900",3
"14000US36047012000",1
"14000US36047012100",3
"14000US36047012200",1
"14000US36047012600",1
"14000US36047012700",1
"14000US36047012801",1
"14000US36047012901",3
"14000US36047012902",3
"14000US36047013000",1
"14000US36047013100",3
"14000US36047013200",1
"14000US36047013300",3
"14000US36047013400",3
"14000US36047013500",2
"14000US36047013600",3
"14000US36047013700",3
"14000US36047013800",1
"14000US36047013900",3
"14000US36047014000",1
"14000US36047014100",3
"14000US36047014200",3
"14000US36047014300",3
"14000US36047014500",1
"14000US36047014700",3
"14000US36047014800",3
"14000US36047014900",3
"14000US36047015000",3
"14000US36047015100",2
"14000US36047015200",3
"14000US36047015300",2
"14000US36047015500",3
"14000US36047015700",2
"14000US36047015900",2
"14000US36047016000",3
"14000US36047016100",3
"14000US36047016200",3
"14000US36047016300",3
"14000US36047016500",2
"14000US36047016600",3
"14000US36047016700",3
"14000US36047016800",3
"14000US36047016900",3
"14000US36047017000",1
"14000US36047017100",3
"14000US36047017200",3
"14000US36047017400",1
"14000US36047017600",1
"14000US36047017800",1
"14000US36047017900",3
"14000US36047018000",1
"14000US36047018100",3
"14000US36047018200",1
"14000US36047018300",3
"14000US36047018400",3
"14000US36047018501",1
"14000US36047018600",3
"14000US36047018700",3
"14000US36047018800",1
"14000US36047019000",1
"14000US36047019100",1
"14000US36047019200",1
"14000US36047019300",1
"14000US36047019400",1
"14000US36047019500",3
"14000US36047019600",1
"14000US36047019700",3
"14000US36047019800",1
"14000US36047019900",3
"14000US36047020000",1
"14000US36047020100",3
"14000US36047020200",3
"14000US36047020300",3
"14000US36047020400",3
"14000US36047020500",3
"14000US36047020600",3
"14000US36047020700",3
"14000US36047020800",1
"14000US36047021000",1
"14000US36047021100",1
"14000US36047021200",1
"14000US36047021300",1
"14000US36047021400",1
"14000US36047021500",3
"14000US36047021600",1
"14000US36047021700",1
"14000US36047021800",1
"14000US36047021900",1
"14000US36047022000",1
"14000US36047022100",1
"14000US36047022200",1
"14000US36047022400",1
"14000US36047022600",1
"14000US36047022700",1
"14000US36047022800",1
"14000US36047022900",3
"14000US36047023000",1
"14000US36047023100",3
"14000US36047023200",1
"14000US36047023300",1
"14000US36047023400",1
"14000US36047023500",1
"14000US36047023600",1
"14000US36047023800",1
"14000US36047024000",1
"14000US36047024100",1
"14000US36047024200",1
"14000US36047024300",1
"14000US36047024400",1
"14000US36047024500",1
"14000US36047024600",1
"14000US36047024700",1
"14000US36047024800",1
"14000US36047024900",1
"14000US36047025000",1
"14000US36047025100",1
"14000US36047025200",1
"14000US36047025300",1
"14000US36047025400",1
"14000US36047025500",1
"14000US36047025600",1
"14000US36047025700",1
"14000US36047025800",1
"14000US36047025901",1
"14000US36047025902",1
"14000US36047026000",1
"14000US36047026100",1
"14000US36047026200",1
"14000US36047026300",1
"14000US36047026400",1
"14000US36047026500",1
"14000US36047026600",1
"14000US36047026700",3
"14000US36047026800",1
"14000US36047026900",1
"14000US36047027000",1
"14000US36047027100",1
"14000US36047027200",1
"14000US36047027300",1
"14000US36047027400",1
"14000US36047027500",1
"14000US36047027600",1
"14000US36047027700",1
"14000US36047027800",1
"14000US36047027900",1
"14000US36047028000",1
"14000US36047028100",1
"14000US36047028200",1
"14000US36047028300",1
"14000US36047028400",1
"14000US36047028501",1
"14000US36047028502",1
"14000US36047028600",1
"14000US36047028700",1
"14000US36047028800",1
"14000US36047028900",1
"14000US36047029000",1
"14000US36047029100",1
"14000US36047029200",1
"14000US36047029300",1
"14000US36047029400",1
"14000US36047029500",3
"14000US36047029600",1
"14000US36047029700",3
"14000US36047029800",1
"14000US36047029900",1
"14000US36047030000",1
"14000US36047030100",1
"14000US36047030200",1
"14000US36047030300",1
"14000US36047030400",1
"14000US36047030500",1
"14000US36047030600",1
"14000US36047030700",1
"14000US36047030800",1
"14000US36047030900",1
"14000US36047031100",1
"14000US36047031300",1
"14000US36047031400",1
"14000US36047031500",1
"14000US36047031701",1
"14000US36047031702",3
"14000US36047031900",1
"14000US36047032100",1
"14000US36047032300",1
"14000US36047032500",1
"14000US36047032600",1
"14000US36047032700",1
"14000US36047032800",1
"14000US36047032900",1
"14000US36047033000",1
"14000US36047033100",1
"14000US36047033300",1
"14000US36047033500",1
"14000US36047033600",3
"14000US36047033700",1
"14000US36047033900",1
"14000US36047034000",1
"14000US36047034100",1
"14000US36047034200",1
"14000US36047034300",1
"14000US36047034500",3
"14000US36047034700",1
"14000US36047034800",1
"14000US36047034900",1
"14000US36047035000",1
"14000US36047035100",1
"14000US36047035200",1
"14000US36047035300",1
"14000US36047035400",3
"14000US36047035500",1
"14000US36047035601",3
"14000US36047035602",3
"14000US36047035700",1
"14000US36047035900",1
"14000US36047036001",3
"14000US36047036002",1
"14000US36047036100",1
"14000US36047036200",1
"14000US36047036300",1
"14000US36047036400",1
"14000US36047036501",1
"14000US36047036502",1
"14000US36047036600",1
"14000US36047036700",1
"14000US36047036900",1
"14000US36047037000",3
"14000US36047037100",1
"14000US36047037300",1
"14000US36047037401",3
"14000US36047037402",1
"14000US36047037500",1
"14000US36047037700",3
"14000US36047037900",1
"14000US36047038100",1
"14000US36047038200",1
"14000US36047038300",1
"14000US36047038500",1
"14000US36047038600",1
"14000US36047038700",1
"14000US36047038800",1
"14000US36047038900",1
"14000US36047039000",1
"14000US36047039100",1
"14000US36047039200",1
"14000US36047039300",1
"14000US36047039400",1
"14000US36047039500",1
"14000US36047039600",1
"14000US36047039700",1
"14000US36047039800",1
"14000US36047039900",1
"14000US36047040000",1
"14000US36047040100",1
"14000US36047040200",1
"14000US36047040300",1
"14000US36047040400",1
"14000US36047040500",1
"14000US36047040600",1
"14000US36047040800",1
"14000US36047040900",1
"14000US36047041000",3
"14000US36047041100",1
"14000US36047041200",1
"14000US36047041300",1
"14000US36047041401",1
"14000US36047041402",3
"14000US36047041500",1
"14000US36047041600",1
"14000US36047041700",1
"14000US36047041800",1
"14000US36047041900",1
"14000US36047042000",1
"14000US36047042100",1
"14000US36047042200",1
"14000US36047042300",1
"14000US36047042400",1
"14000US36047042500",1
"14000US36047042600",1
"14000US36047042700",1
"14000US36047042800",1
"14000US36047042900",1
"14000US36047043000",1
"14000US36047043100",1
"14000US36047043200",1
"14000US36047043300",1
"14000US36047043400",1
"14000US36047043500",1
"14000US36047043600",1
"14000US36047043700",1
"14000US36047043800",1
"14000US36047043900",1
"14000US36047044000",1
"14000US36047044100",1
"14000US36047044200",1
"14000US36047044300",1
"14000US36047044400",1
"14000US36047044500",1
"14000US36047044600",3
"14000US36047044700",1
"14000US36047044800",1
"14000US36047044900",1
"14000US36047045000",1
"14000US36047045200",3
"14000US36047045300",1
"14000US36047045400",1
"14000US36047045600",1
"14000US36047045800",3
"14000US36047046000",1
"14000US36047046201",1
"14000US36047046202",1
"14000US36047046400",1
"14000US36047046800",1
"14000US36047047000",1
"14000US36047047200",1
"14000US36047047400",1
"14000US36047047600",1
"14000US36047047700",3
"14000US36047047800",1
"14000US36047048000",1
"14000US36047048100",3
"14000US36047048200",1
"14000US36047048400",1
"14000US36047048500",1
"14000US36047048600",1
"14000US36047048800",1
"14000US36047048900",1
"14000US36047049000",1
"14000US36047049100",1
"14000US36047049200",1
"14000US36047049300",1
"14000US36047049400",1
"14000US36047049500",3
"14000US36047049600",1
"14000US36047049700",3
"14000US36047049800",1
"14000US36047049900",3
"14000US36047050000",3
"14000US36047050100",3
"14000US36047050202",3
"14000US36047050300",3
"14000US36047050400",3
"14000US36047050500",1
"14000US36047050600",1
"14000US36047050700",1
"14000US36047050801",1
"14000US36047050803",1
"14000US36047050804",1
"14000US36047050900",1
"14000US36047051001",1
"14000US36047051002",1
"14000US36047051100",1
"14000US36047051200",1
"14000US36047051300",3
"14000US36047051400",1
"14000US36047051500",3
"14000US36047051601",1
"14000US36047051602",1
"14000US36047051700",3
"14000US36047051800",3
"14000US36047051900",3
"14000US36047052000",1
"14000US36047052300",1
"14000US36047052500",1
"14000US36047052600",1
"14000US36047052700",1
"14000US36047052800",3
"14000US36047052900",1
"14000US36047053000",1
"14000US36047053100",1
"14000US36047053200",1
"14000US36047053300",1
"14000US36047053400",1
"14000US36047053500",1
"14000US36047053700",1
"14000US36047053800",1
"14000US36047053900",1
"14000US36047054200",1
"14000US36047054300",3
"14000US36047054400",1
"14000US36047054500",1
"14000US36047054600",1
"14000US36047054700",1
"14000US36047054800",1
"14000US36047054900",3
"14000US36047055000",1
"14000US36047055100",3
"14000US36047055200",1
"14000US36047055300",3
"14000US36047055400",1
"14000US36047055500",3
"14000US36047055600",1
"14000US36047055700",3
"14000US36047055800",1
"14000US36047056000",1
"14000US36047056100",3
"14000US36047056200",3
"14000US36047056300",3
"14000US36047056400",3
"14000US36047056500",3
"14000US36047056600",3
"14000US36047056800",3
"14000US36047056900",3
"14000US36047057000",3
"14000US36047057100",3
"14000US36047057200",1
"14000US36047057300",3
"14000US36047057400",1
"14000US36047057500",3
"14000US36047057600",1
"14000US36047057800",3
"14000US36047057900",1
"14000US36047058000",1
"14000US36047058200",1
"14000US36047058400",1
"14000US36047058600",1
"14000US36047058800",1
"14000US36047058900",3
"14000US36047059000",1
"14000US36047059100",3
"14000US36047059200",1
"14000US36047059300",3
"14000US36047059401",3
"14000US36047059402",3
"14000US36047059600",3
"14000US36047059800",1
"14000US36047060000",3
"14000US36047060600",1
"14000US36047060800",3
"14000US36047061002",3
"14000US36047061003",1
"14000US36047061004",1
"14000US36047061200",3
"14000US36047061600",3
"14000US36047062000",3
"14000US36047062200",1
"14000US36047062600",1
"14000US36047062800",3
"14000US36047063200",3
"14000US36047063600",3
"14000US36047063800",3
"14000US36047064000",3
"14000US36047064200",3
"14000US36047064400",1
"14000US36047064600",1
"14000US36047064800",1
"14000US36047065000",3
"14000US36047065200",3
"14000US36047065400",3
"14000US36047065600",3
"14000US36047065800",3
"14000US36047066000",3
"14000US36047066200",3
"14000US36047067000",1
"14000US36047067200",1
"14000US36047067400",1
"14000US36047067600",1
"14000US36047067800",1
"14000US36047068000",1
"14000US36047068200",1
"14000US36047068600",3
"14000US36047068800",3
"14000US36047069000",3
"14000US36047069200",1
"14000US36047069601",1
"14000US36047069602",3
"14000US36047069800",3
"14000US36047070000",3
"14000US36047070201",3
"14000US36047070600",3
"14000US36047072000",1
"14000US36047072200",3
"14000US36047072400",1
"14000US36047072600",1
"14000US36047072800",3
"14000US36047073000",3
"14000US36047073200",1
"14000US36047073400",1
"14000US36047073600",1
"14000US36047073800",1
"14000US36047074000",1
"14000US36047074200",1
"14000US36047074400",1
"14000US36047074600",1
"14000US36047074800",3
"14000US36047075000",1
"14000US36047075200",2
"14000US36047075400",3
"14000US36047075600",3
"14000US36047075800",3
"14000US36047076000",3
"14000US36047076200",1
"14000US36047076400",1
"14000US36047076600",1
"14000US36047076800",3
"14000US36047077000",1
"14000US36047077200",1
"14000US36047077400",1
"14000US36047077600",1
"14000US36047078000",1
"14000US36047078200",1
"14000US36047078400",1
"14000US36047078600",1
"14000US36047078800",1
"14000US36047079000",1
"14000US36047079200",1
"14000US36047079400",1
"14000US36047079601",1
"14000US36047079602",1
"14000US36047079801",1
"14000US36047079802",1
"14000US36047080000",1
"14000US36047080200",1
"14000US36047080400",1
"14000US36047080600",1
"14000US36047080800",1
"14000US36047081000",1
"14000US36047081400",1
"14000US36047081600",1
"14000US36047081800",1
"14000US36047082000",1
"14000US36047082200",1
"14000US36047082400",1
"14000US36047082600",1
"14000US36047082800",1
"14000US36047083000",1
"14000US36047083200",1
"14000US36047083400",1
"14000US36047083600",1
"14000US36047083800",1
"14000US36047084000",1
"14000US36047084600",3
"14000US36047084800",3
"14000US36047085000",1
"14000US36047085400",1
"14000US36047085600",1
"14000US36047085800",1
"14000US36047086000",1
"14000US36047086200",1
"14000US36047086400",1
"14000US36047086600",1
"14000US36047086800",1
"14000US36047087000",1
"14000US36047087200",1
"14000US36047087401",1
"14000US36047087600",1
"14000US36047087800",1
"14000US36047088000",1
"14000US36047088200",1
"14000US36047088400",1
"14000US36047088600",1
"14000US36047088800",1
"14000US36047089000",1
"14000US36047089200",1
"14000US36047089400",1
"14000US36047089600",1
"14000US36047089800",1
"14000US36047090000",1
"14000US36047090200",1
"14000US36047090600",1
"14000US36047090800",1
"14000US36047091000",1
"14000US36047091200",1
"14000US36047091600",1
"14000US36047091800",1
"14000US36047092000",1
"14000US36047092200",1
"14000US36047092400",1
"14000US36047092800",3
"14000US36047093000",3
"14000US36047093200",1
"14000US36047093400",3
"14000US36047093600",1
"14000US36047093800",1
"14000US36047094401",1
"14000US36047094402",1
"14000US36047094600",1
"14000US36047095000",1
"14000US36047095400",1
"14000US36047095600",1
"14000US36047095800",1
"14000US36047096200",1
"14000US36047096400",1
"14000US36047096600",1
"14000US36047096800",1
"14000US36047097000",1
"14000US36047097400",1
"14000US36047098200",1
"14000US36047098400",3
"14000US36047098600",1
"14000US36047098800",1
"14000US36047099000",1
"14000US36047099200",1
"14000US36047099400",1
"14000US36047099600",1
"14000US36047099800",1
"14000US36047100400",3
"14000US36047100600",3
"14000US36047100800",1
"14000US36047101000",1
"14000US36047101200",1
"14000US36047101400",1
"14000US36047101600",1
"14000US36047101800",3
"14000US36047102000",3
"14000US36047102200",3
"14000US36047102400",1
"14000US36047102600",1
"14000US36047102800",1
"14000US36047103400",1
"14000US36047105801",1
"14000US36047105804",1
"14000US36047107000",1
"14000US36047107800",3
"14000US36047109800",1
"14000US36047110400",1
"14000US36047110600",1
"14000US36047111000",1
"14000US36047111600",1
"14000US36047111800",1
"14000US36047112000",1
"14000US36047112200",1
"14000US36047112400",1
"14000US36047112600",1
"14000US36047112800",1
"14000US36047113000",1
"14000US36047113200",1
"14000US36047113400",1
"14000US36047114201",1
"14000US36047114202",1
"14000US36047114400",1
"14000US36047114600",1
"14000US36047115000",1
"14000US36047115200",1
"14000US36047115600",1
"14000US36047115800",1
"14000US36047116000",1
"14000US36047116200",1
"14000US36047116400",1
"14000US36047116600",1
"14000US36047116800",1
"14000US36047117000",1
"14000US36047117201",1
"14000US36047117202",1
"14000US36047117400",1
"14000US36047117601",1
"14000US36047117602",1
"14000US36047117800",1
"14000US36047118201",1
"14000US36047118202",1
"14000US36047118400",1
"14000US36047118600",1
"14000US36047118800",1
"14000US36047119000",1
"14000US36047119200",1
"14000US36047119400",1
"14000US36047119600",1
"14000US36047119800",1
"14000US36047120000",1
"14000US36047120200",1
"14000US36047120800",1
"14000US36047121000",1
"14000US36047121400",1
"14000US36047122000",1
"14000US36047123700",1
"14000US36047150200",3
"14000US36047152200",3
"14000US36061000201",1
"14000US36061000202",1
"14000US36061000600",1
"14000US36061000700",2
"14000US36061000800",1
"14000US36061000900",2
"14000US36061001001",3
"14000US36061001002",1
"14000US36061001200",3
"14000US36061001300",2
"14000US36061001401",3
"14000US36061001402",1
"14000US36061001501",2
"14000US36061001502",2
"14000US36061001600",1
"14000US36061001800",3
"14000US36061002000",1
"14000US36061002100",4
"14000US36061002201",1
"14000US36061002202",2
"14000US36061002400",1
"14000US36061002500",1
"14000US36061002601",3
"14000US36061002602",3
"14000US36061002700",3
"14000US36061002800",1
"14000US36061002900",1
"14000US36061003001",3
"14000US36061003002",3
"14000US36061003100",3
"14000US36061003200",3
"14000US36061003300",4
"14000US36061003400",3
"14000US36061003601",3
"14000US36061003602",3
"14000US36061003700",2
"14000US36061003800",3
"14000US36061003900",2
"14000US36061004000",3
"14000US36061004100",3
"14000US36061004200",2
"14000US36061004300",2
"14000US36061004400",3
"14000US36061004500",4
"14000US36061004700",2
"14000US36061004800",2
"14000US36061004900",2
"14000US36061005000",2
"14000US36061005200",2
"14000US36061005400",4
"14000US36061005501",2
"14000US36061005502",2
"14000US36061005600",4
"14000US36061005700",4
"14000US36061005800",4
"14000US36061005900",2
"14000US36061006000",2
"14000US36061006100",2
"14000US36061006200",3
"14000US36061006300",4
"14000US36061006400",2
"14000US36061006500",3
"14000US36061006600",3
"14000US36061006700",2
"14000US36061006800",2
"14000US36061006900",2
"14000US36061007000",2
"14000US36061007100",2
"14000US36061007200",2
"14000US36061007300",2
"14000US36061007400",4
"14000US36061007500",2
"14000US36061007600",2
"14000US36061007700",2
"14000US36061007800",2
"14000US36061007900",4
"14000US36061008000",2
"14000US36061008100",2
"14000US36061008200",2
"14000US36061008300",3
"14000US36061008400",2
"14000US36061008601",2
"14000US36061008603",4
"14000US36061008700",2
"14000US36061008800",2
"14000US36061008900",2
"14000US36061009000",2
"14000US36061009100",2
"14000US36061009200",4
"14000US36061009300",2
"14000US36061009500",2
"14000US36061009600",2
"14000US36061009700",3
"14000US36061009800",2
"14000US36061009900",4
"14000US36061010000",2
"14000US36061010100",2
"14000US36061010200",3
"14000US36061010300",2
"14000US36061010400",2
"14000US36061010601",4
"14000US36061010602",2
"14000US36061010800",4
"14000US36061010900",2
"14000US36061011000",2
"14000US36061011100",3
"14000US36061011201",4
"14000US36061011202",4
"14000US36061011203",2
"14000US36061011300",3
"14000US36061011401",4
"14000US36061011402",4
"14000US36061011500",3
"14000US36061011600",3
"14000US36061011700",2
"14000US36061011800",4
"14000US36061011900",1
"14000US36061012000",4
"14000US36061012100",3
"14000US36061012200",4
"14000US36061012400",2
"14000US36061012500",2
"14000US36061012600",2
"14000US36061012700",3
"14000US36061012800",4
"14000US36061012900",2
"14000US36061013000",4
"14000US36061013100",2
"14000US36061013200",2
"14000US36061013300",3
"14000US36061013400",2
"14000US36061013500",3
"14000US36061013600",2
"14000US36061013700",4
"14000US36061013800",2
"14000US36061013900",2
"14000US36061014000",4
"14000US36061014200",4
"14000US36061014401",2
"14000US36061014402",2
"14000US36061014500",2
"14000US36061014601",2
"14000US36061014602",2
"14000US36061014700",2
"14000US36061014801",4
"14000US36061014802",2
"14000US36061014900",4
"14000US36061015001",4
"14000US36061015002",4
"14000US36061015100",3
"14000US36061015200",2
"14000US36061015300",4
"14000US36061015400",2
"14000US36061015500",2
"14000US36061015601",3
"14000US36061015602",3
"14000US36061015700",2
"14000US36061015801",4
"14000US36061015802",3
"14000US36061015900",4
"14000US36061016001",4
"14000US36061016002",2
"14000US36061016100",2
"14000US36061016200",1
"14000US36061016300",4
"14000US36061016400",3
"14000US36061016500",4
"14000US36061016600",1
"14000US36061016700",2
"14000US36061016800",1
"14000US36061016900",2
"14000US36061017000",1
"14000US36061017100",2
"14000US36061017200",1
"14000US36061017300",2
"14000US36061017401",1
"14000US36061017402",1
"14000US36061017500",2
"14000US36061017700",3
"14000US36061017800",1
"14000US36061017900",2
"14000US36061018000",1
"14000US36061018100",2
"14000US36061018200",1
"14000US36061018300",2
"14000US36061018400",1
"14000US36061018500",2
"14000US36061018600",1
"14000US36061018700",3
"14000US36061018800",1
"14000US36061018900",1
"14000US36061019000",3
"14000US36061019100",2
"14000US36061019200",1
"14000US36061019300",3
"14000US36061019400",1
"14000US36061019500",2
"14000US36061019600",1
"14000US36061019701",2
"14000US36061019702",3
"14000US36061019800",3
"14000US36061019900",3
"14000US36061020000",3
"14000US36061020101",1
"14000US36061020102",3
"14000US36061020300",1
"14000US36061020500",3
"14000US36061020600",3
"14000US36061020701",1
"14000US36061020800",3
"14000US36061020901",1
"14000US36061021000",1
"14000US36061021100",3
"14000US36061021200",3
"14000US36061021303",1
"14000US36061021400",3
"14000US36061021500",1
"14000US36061021600",3
"14000US36061021800",1
"14000US36061021900",1
"14000US36061022000",3
"14000US36061022102",3
"14000US36061022200",1
"14000US36061022301",1
"14000US36061022302",1
"14000US36061022400",1
"14000US36061022500",1
"14000US36061022600",3
"14000US36061022700",3
"14000US36061022800",1
"14000US36061022900",1
"14000US36061023000",1
"14000US36061023100",3
"14000US36061023200",1
"14000US36061023300",3
"14000US36061023400",1
"14000US36061023501",1
"14000US36061023502",1
"14000US36061023600",1
"14000US36061023700",1
"14000US36061023802",1
"14000US36061023900",1
"14000US36061024000",1
"14000US36061024100",1
"14000US36061024200",1
"14000US36061024301",1
"14000US36061024302",1
"14000US36061024500",1
"14000US36061024700",1
"14000US36061024900",1
"14000US36061025100",1
"14000US36061025300",1
"14000US36061025500",1
"14000US36061025700",3
"14000US36061025900",3
"14000US36061026100",1
"14000US36061026300",1
"14000US36061026500",3
"14000US36061026700",1
"14000US36061026900",1
"14000US36061027100",1
"14000US36061027300",3
"14000US36061027500",2
"14000US36061027700",1
"14000US36061027900",1
"14000US36061028100",3
"14000US36061028300",1
"14000US36061028500",1
"14000US36061028700",1
"14000US36061029100",1
"14000US36061029300",1
"14000US36061029500",3
"14000US36061029900",1
"14000US36061030300",3
"14000US36061030700",3
"14000US36061030900",1
"14000US36061031703",2
"14000US36061031704",2
"14000US36081000100",2
"14000US36081000200",1
"14000US36081000400",1
"14000US36081000600",1
"14000US36081000700",3
"14000US36081000800",1
"14000US36081001000",1
"14000US36081001200",1
"14000US36081001400",1
"14000US36081001600",1
"14000US36081001800",1
"14000US36081001900",3
"14000US36081002000",1
"14000US36081002200",1
"14000US36081002400",1
"14000US36081002500",1
"14000US36081002600",1
"14000US36081002800",1
"14000US36081003000",1
"14000US36081003100",1
"14000US36081003200",1
"14000US36081003300",1
"14000US36081003400",1
"14000US36081003600",1
"14000US36081003800",1
"14000US36081003900",1
"14000US36081004001",1
"14000US36081004002",1
"14000US36081004200",1
"14000US36081004300",1
"14000US36081004401",1
"14000US36081004500",3
"14000US36081004700",1
"14000US36081005100",1
"14000US36081005200",1
"14000US36081005300",3
"14000US36081005400",1
"14000US36081005500",1
"14000US36081005700",3
"14000US36081005800",1
"14000US36081005900",3
"14000US36081006100",3
"14000US36081006201",3
"14000US36081006202",1
"14000US36081006300",3
"14000US36081006501",3
"14000US36081006502",3
"14000US36081006900",1
"14000US36081007100",3
"14000US36081007300",3
"14000US36081007500",3
"14000US36081007700",3
"14000US36081007900",1
"14000US36081008100",3
"14000US36081008300",1
"14000US36081008500",1
"14000US36081008600",3
"14000US36081008700",1
"14000US36081008800",1
"14000US36081009100",3
"14000US36081009400",1
"14000US36081009500",3
"14000US36081009600",1
"14000US36081009700",3
"14000US36081009800",1
"14000US36081010000",1
"14000US36081010100",3
"14000US36081010200",1
"14000US36081010300",3
"14000US36081010400",1
"14000US36081010500",1
"14000US36081010600",1
"14000US36081010800",1
"14000US36081011000",1
"14000US36081011100",3
"14000US36081011200",1
"14000US36081011300",1
"14000US36081011400",1
"14000US36081011500",1
"14000US36081011600",1
"14000US36081011700",3
"14000US36081011800",1
"14000US36081011900",1
"14000US36081012000",1
"14000US36081012100",3
"14000US36081012200",1
"14000US36081012301",3
"14000US36081012400",1
"14000US36081012500",1
"14000US36081012601",1
"14000US36081012602",1
"14000US36081012800",1
"14000US36081013000",3
"14000US36081013200",1
"14000US36081013400",3
"14000US36081013500",1
"14000US36081013600",3
"14000US36081013700",3
"14000US36081013800",1
"14000US36081014000",1
"14000US36081014100",3
"14000US36081014201",1
"14000US36081014202",1
"14000US36081014300",3
"14000US36081014400",1
"14000US36081014500",3
"14000US36081014700",3
"14000US36081014800",1
"14000US36081014900",3
"14000US36081015000",1
"14000US36081015100",3
"14000US36081015200",1
"14000US36081015300",3
"14000US36081015400",1
"14000US36081015500",3
"14000US36081015600",1
"14000US36081015700",1
"14000US36081015801",1
"14000US36081015802",1
"14000US36081015900",1
"14000US36081016100",1
"14000US36081016300",1
"14000US36081016400",1
"14000US36081016600",1
"14000US36081016800",1
"14000US36081016900",3
"14000US36081017000",1
"14000US36081017200",1
"14000US36081017400",1
"14000US36081017600",1
"14000US36081017800",1
"14000US36081017900",1
"14000US36081018000",1
"14000US36081018101",1
"14000US36081018102",3
"14000US36081018200",1
"14000US36081018300",3
"14000US36081018401",1
"14000US36081018402",1
"14000US36081018501",3
"14000US36081018502",3
"14000US36081018600",1
"14000US36081018700",3
"14000US36081018800",3
"14000US36081018900",1
"14000US36081019000",1
"14000US36081019200",1
"14000US36081019400",1
"14000US36081019600",1
"14000US36081019800",1
"14000US36081019900",1
"14000US36081020200",3
"14000US36081020400",1
"14000US36081020500",1
"14000US36081020600",1
"14000US36081020800",1
"14000US36081021200",1
"14000US36081021400",1
"14000US36081021600",3
"14000US36081022001",3
"14000US36081022002",3
"14000US36081023000",1
"14000US36081023200",1
"14000US36081023500",1
"14000US36081023600",1
"14000US36081023800",1
"14000US36081024000",1
"14000US36081024300",1
"14000US36081024500",1
"14000US36081024700",1
"14000US36081024900",1
"14000US36081025100",1
"14000US36081025301",3
"14000US36081025302",1
"14000US36081025400",1
"14000US36081025500",3
"14000US36081025700",3
"14000US36081025800",1
"14000US36081025900",1
"14000US36081026000",1
"14000US36081026100",1
"14000US36081026200",1
"14000US36081026300",1
"14000US36081026400",1
"14000US36081026500",1
"14000US36081026600",1
"14000US36081026700",1
"14000US36081026901",1
"14000US36081026902",1
"14000US36081027000",1
"14000US36081027100",1
"14000US36081027200",1
"14000US36081027300",1
"14000US36081027400",1
"14000US36081027500",1
"14000US36081027600",3
"14000US36081027700",1
"14000US36081027800",1
"14000US36081027900",1
"14000US36081028000",1
"14000US36081028100",3
"14000US36081028200",1
"14000US36081028300",1
"14000US36081028400",1
"14000US36081028500",3
"14000US36081028700",3
"14000US36081028800",1
"14000US36081028900",1
"14000US36081029100",1
"14000US36081029300",1
"14000US36081029400",1
"14000US36081029500",3
"14000US36081029700",1
"14000US36081030600",1
"14000US36081030902",1
"14000US36081030903",1
"14000US36081030904",1
"14000US36081031700",3
"14000US36081032000",1
"14000US36081032700",1
"14000US36081032800",1
"14000US36081032900",1
"14000US36081033000",1
"14000US36081033401",1
"14000US36081033402",1
"14000US36081033700",1
"14000US36081033900",1
"14000US36081034700",1
"14000US36081035100",1
"14000US36081035200",1
"14000US36081035300",1
"14000US36081035700",1
"14000US36081035800",1
"14000US36081036100",1
"14000US36081036300",1
"14000US36081036500",1
"14000US36081036600",1
"14000US36081036700",1
"14000US36081036800",1
"14000US36081037100",1
"14000US36081037300",1
"14000US36081037500",1
"14000US36081037600",1
"14000US36081037700",1
"14000US36081037900",1
"14000US36081038100",1
"14000US36081038400",1
"14000US36081039400",1
"14000US36081039800",1
"14000US36081039900",1
"14000US36081040000",1
"14000US36081040100",1
"14000US36081040200",3
"14000US36081040300",1
"14000US36081040400",1
"14000US36081040500",1
"14000US36081040700",1
"14000US36081040900",1
"14000US36081041100",1
"14000US36081041300",1
"14000US36081041400",1
"14000US36081041500",1
"14000US36081042400",3
"14000US36081042600",1
"14000US36081042700",1
"14000US36081043200",1
"14000US36081043400",1
"14000US36081043701",1
"14000US36081043702",1
"14000US36081043900",1
"14000US36081044000",1
"14000US36081044301",1
"14000US36081044302",1
"14000US36081044400",1
"14000US36081044601",1
"14000US36081044602",1
"14000US36081044800",1
"14000US36081045000",1
"14000US36081045200",1
"14000US36081045400",1
"14000US36081045500",1
"14000US36081045600",1
"14000US36081045700",1
"14000US36081045800",3
"14000US36081045900",1
"14000US36081046000",1
"14000US36081046100",1
"14000US36081046200",1
"14000US36081046300",1
"14000US36081046400",3
"14000US36081046500",1
"14000US36081046600",3
"14000US36081046700",1
"14000US36081046800",1
"14000US36081046900",1
"14000US36081047000",1
"14000US36081047100",1
"14000US36081047200",3
"14000US36081047300",3
"14000US36081047500",1
"14000US36081047600",3
"14000US36081047800",3
"14000US36081047900",1
"14000US36081048000",1
"14000US36081048100",1
"14000US36081048200",1
"14000US36081048300",1
"14000US36081048400",1
"14000US36081048500",1
"14000US36081048900",1
"14000US36081049200",1
"14000US36081049301",3
"14000US36081049302",1
"14000US36081049500",1
"14000US36081049600",1
"14000US36081049700",1
"14000US36081049900",1
"14000US36081050000",1
"14000US36081050201",3
"14000US36081050202",1
"14000US36081050400",1
"14000US36081050500",3
"14000US36081050600",1
"14000US36081050700",3
"14000US36081050800",1
"14000US36081051000",1
"14000US36081051100",3
"14000US36081051200",1
"14000US36081051300",1
"14000US36081051500",3
"14000US36081051600",1
"14000US36081051700",3
"14000US36081051800",3
"14000US36081052000",3
"14000US36081052100",3
"14000US36081052200",1
"14000US36081052400",1
"14000US36081052500",3
"14000US36081052600",1
"14000US36081052800",1
"14000US36081053000",1
"14000US36081053100",1
"14000US36081053200",3
"14000US36081053401",1
"14000US36081053500",1
"14000US36081053601",1
"14000US36081053800",1
"14000US36081053900",1
"14000US36081054000",1
"14000US36081054200",1
"14000US36081054500",1
"14000US36081054700",1
"14000US36081054800",3
"14000US36081054900",1
"14000US36081055100",1
"14000US36081055200",1
"14000US36081055300",1
"14000US36081055400",1
"14000US36081055500",1
"14000US36081055600",1
"14000US36081055700",1
"14000US36081055800",1
"14000US36081055900",1
"14000US36081056000",3
"14000US36081056100",3
"14000US36081056200",1
"14000US36081056400",1
"14000US36081056500",1
"14000US36081056600",1
"14000US36081056700",1
"14000US36081056800",1
"14000US36081057700",1
"14000US36081057900",1
"14000US36081058000",1
"14000US36081058100",1
"14000US36081058200",1
"14000US36081058300",1
"14000US36081058500",1
"14000US36081058700",1
"14000US36081058900",1
"14000US36081059000",3
"14000US36081059100",1
"14000US36081059200",3
"14000US36081059300",1
"14000US36081059400",3
"14000US36081059500",1
"14000US36081059600",3
"14000US36081059800",1
"14000US36081059900",3
"14000US36081060000",3
"14000US36081060100",1
"14000US36081060300",3
"14000US36081060600",3
"14000US36081060800",3
"14000US36081061000",1
"14000US36081061200",3
"14000US36081061301",1
"14000US36081061400",3
"14000US36081061601",3
"14000US36081061602",3
"14000US36081061800",3
"14000US36081061900",1
"14000US36081062000",3
"14000US36081062100",1
"14000US36081062200",3
"14000US36081062300",1
"14000US36081062500",3
"14000US36081062600",3
"14000US36081062700",1
"14000US36081062900",1
"14000US36081063000",3
"14000US36081063200",3
"14000US36081063301",3
"14000US36081063302",3
"14000US36081063500",1
"14000US36081063700",1
"14000US36081063800",1
"14000US36081063900",3
"14000US36081064101",3
"14000US36081064102",1
"14000US36081064500",3
"14000US36081064600",3
"14000US36081065000",3
"14000US36081065400",1
"14000US36081065600",1
"14000US36081065702",3
"14000US36081065703",3
"14000US36081065900",3
"14000US36081066000",1
"14000US36081066100",3
"14000US36081066300",3
"14000US36081066400",3
"14000US36081066501",3
"14000US36081066701",3
"14000US36081066900",1
"14000US36081067100",3
"14000US36081067700",3
"14000US36081067900",1
"14000US36081068000",1
"14000US36081068200",1
"14000US36081068300",1
"14000US36081068700",3
"14000US36081069000",1
"14000US36081069300",3
"14000US36081069400",3
"14000US36081069500",3
"14000US36081069701",3
"14000US36081069702",3
"14000US36081070300",3
"14000US36081070700",3
"14000US36081070900",3
"14000US36081071100",3
"14000US36081071303",3
"14000US36081071304",3
"14000US36081071305",3
"14000US36081071306",3
"14000US36081071701",3
"14000US36081071702",3
"14000US36081071900",1
"14000US36081072100",3
"14000US36081072300",2
"14000US36081072900",3
"14000US36081073100",3
"14000US36081073700",3
"14000US36081073900",3
"14000US36081074100",3
"14000US36081074300",3
"14000US36081074500",1
"14000US36081074700",3
"14000US36081074900",2
"14000US36081075701",3
"14000US36081075702",3
"14000US36081076901",3
"14000US36081076902",3
"14000US36081077300",3
"14000US36081077500",3
"14000US36081077902",3
"14000US36081077903",3
"14000US36081077904",1
"14000US36081077905",3
"14000US36081077906",3
"14000US36081077907",1
"14000US36081077908",1
"14000US36081078800",3
"14000US36081079000",1
"14000US36081079200",1
"14000US36081079701",3
"14000US36081079702",1
"14000US36081079900",1
"14000US36081080301",1
"14000US36081080302",1
"14000US36081080900",3
"14000US36081081400",1
"14000US36081081800",1
"14000US36081083700",1
"14000US36081083800",1
"14000US36081084000",1
"14000US36081084500",1
"14000US36081084601",3
"14000US36081084602",1
"14000US36081084900",1
"14000US36081085300",1
"14000US36081085500",1
"14000US36081085700",1
"14000US36081085900",1
"14000US36081086100",1
"14000US36081086300",1
"14000US36081086400",1
"14000US36081086500",1
"14000US36081086900",1
"14000US36081087100",1
"14000US36081088400",3
"14000US36081088901",1
"14000US36081089200",3
"14000US36081090700",1
"14000US36081091601",3
"14000US36081091900",1
"14000US36081092200",3
"14000US36081092500",1
"14000US36081092800",3
"14000US36081092900",3
"14000US36081093401",3
"14000US36081093402",3
"14000US36081093800",1
"14000US36081093900",3
"14000US36081094201",1
"14000US36081094202",1
"14000US36081094203",3
"14000US36081094500",3
"14000US36081094700",1
"14000US36081095400",1
"14000US36081096400",1
"14000US36081097202",1
"14000US36081097203",1
"14000US36081097204",1
"14000US36081097300",3
"14000US36081098100",3
"14000US36081098700",3
"14000US36081099100",3
"14000US36081099200",1
"14000US36081099701",3
"14000US36081099703",3
"14000US36081099704",3
"14000US36081099705",3
"14000US36081099801",1
"14000US36081099802",1
"14000US36081100801",1
"14000US36081100802",1
"14000US36081101001",1
"14000US36081101002",1
"14000US36081101700",3
"14000US36081102900",3
"14000US36081103201",1
"14000US36081103202",1
"14000US36081103300",3
"14000US36081103900",3
"14000US36081104700",3
"14000US36081105900",3
"14000US36081107201",3
"14000US36081108500",3
"14000US36081109300",3
"14000US36081109700",3
"14000US36081109900",1
"14000US36081111300",3
"14000US36081112300",3
"14000US36081112900",3
"14000US36081113300",3
"14000US36081113900",3
"14000US36081114100",3
"14000US36081114700",3
"14000US36081115100",3
"14000US36081115500",1
"14000US36081115700",1
"14000US36081115900",1
"14000US36081116100",1
"14000US36081116300",1
"14000US36081116700",1
"14000US36081117100",1
"14000US36081117500",3
"14000US36081118100",1
"14000US36081118500",1
"14000US36081118700",1
"14000US36081118900",1
"14000US36081119100",1
"14000US36081119300",1
"14000US36081119500",1
"14000US36081119900",1
"14000US36081120100",1
"14000US36081120300",1
"14000US36081120500",1
"14000US36081120700",3
"14000US36081121500",1
"14000US36081122300",3
"14000US36081122701",1
"14000US36081122702",1
"14000US36081124100",3
"14000US36081124700",3
"14000US36081125700",1
"14000US36081126500",1
"14000US36081126700",1
"14000US36081127700",2
"14000US36081129102",3
"14000US36081129103",3
"14000US36081129104",3
"14000US36081130100",3
"14000US36081133300",3
"14000US36081133900",3
"14000US36081134100",3
"14000US36081134700",3
"14000US36081136700",3
"14000US36081137700",1
"14000US36081138501",3
"14000US36081139900",3
"14000US36081140300",1
"14000US36081140901",3
"14000US36081140902",3
"14000US36081141700",3
"14000US36081142900",1
"14000US36081143500",3
"14000US36081144100",3
"14000US36081144700",1
"14000US36081145101",1
"14000US36081145102",1
"14000US36081145900",3
"14000US36081146300",1
"14000US36081146700",3
"14000US36081147100",3
"14000US36081147900",3
"14000US36081148300",3
"14000US36081150701",3
"14000US36081150702",3
"14000US36081152901",3
"14000US36081152902",3
"14000US36081155102",3
"14000US36081156700",1
"14000US36081157101",3
"14000US36081157102",1
"14000US36081157901",3
"14000US36081157902",3
"14000US36081157903",3
"14000US36081161700",3
"14000US36081162100",1
"14000US36085000300",3
"14000US36085000600",3
"14000US36085000700",1
"14000US36085000800",1
"14000US36085000900",3
"14000US36085001100",1
"14000US36085001700",1
"14000US36085002001",3
"14000US36085002002",3
"14000US36085002100",1
"14000US36085002700",1
"14000US36085002900",1
"14000US36085003300",3
"14000US36085003600",1
"14000US36085003900",1
"14000US36085004000",1
"14000US36085004700",1
"14000US36085005000",3
"14000US36085005900",3
"14000US36085006400",1
"14000US36085006700",3
"14000US36085007000",1
"14000US36085007400",3
"14000US36085007500",1
"14000US36085007700",1
"14000US36085008100",1
"14000US36085009601",1
"14000US36085009602",3
"14000US36085009700",3
"14000US36085010500",1
"14000US36085011201",3
"14000US36085011202",3
"14000US36085011401",3
"14000US36085011402",3
"14000US36085012100",3
"14000US36085012200",3
"14000US36085012500",1
"14000US36085012804",3
"14000US36085012805",3
"14000US36085012806",3
"14000US36085013201",3
"14000US36085013203",3
"14000US36085013204",3
"14000US36085013301",1
"14000US36085013302",1
"14000US36085013400",3
"14000US36085013800",3
"14000US36085014100",1
"14000US36085014604",3
"14000US36085014605",3
"14000US36085014606",3
"14000US36085014607",3
"14000US36085014608",3
"14000US36085014700",3
"14000US36085015100",3
"14000US36085015601",3
"14000US36085015602",3
"14000US36085015603",3
"14000US36085016901",3
"14000US36085017005",3
"14000US36085017007",3
"14000US36085017008",3
"14000US36085017009",3
"14000US36085017010",3
"14000US36085017011",3
"14000US36085017012",3
"14000US36085017300",1
"14000US36085017600",3
"14000US36085017700",3
"14000US36085018100",3
"14000US36085018701",3
"14000US36085018702",3
"14000US36085018901",3
"14000US36085018902",3
"14000US36085019700",3
"14000US36085019800",3
"14000US36085020100",3
"14000US36085020700",1
"14000US36085020801",3
"14000US36085020803",3
"14000US36085020804",3
"14000US36085021300",1
"14000US36085022300",1
"14000US36085022600",1
"14000US36085023100",1
"14000US36085023900",1
"14000US36085024401",3
"14000US36085024402",3
"14000US36085024700",1
"14000US36085024800",3
"14000US36085025100",3
"14000US36085027301",3
"14000US36085027302",3
"14000US36085027702",3
"14000US36085027704",3
"14000US36085027705",3
"14000US36085027706",1
"14000US36085027900",3
"14000US36085029102",3
"14000US36085029103",3
"14000US36085029104",3
"14000US36085030301",3
"14000US36085030302",1
"14000US36085031901",1
"14000US36085031902",1
"14000US36085032300",1
